{
    "key": "group_5ab2bdcdc1b1b",
    "title": "PK Button",
    "fields": [
        {
            "key": "field_5ab2bde2c13ca",
            "label": "Link Type",
            "name": "link_type",
            "type": "radio",
            "instructions": "",
            "required": 0,
            "conditional_logic": 0,
            "wrapper": {
                "width": "20",
                "class": "",
                "id": ""
            },
            "choices": {
                "existing": "Existing Page",
                "manual": "Manual URL",
                "file": "File",
                "none": "None"
            },
            "allow_null": 0,
            "other_choice": 0,
            "save_other_choice": 0,
            "default_value": "",
            "layout": "vertical",
            "return_format": "value"
        },
        {
            "key": "field_5ab2be9ac13cb",
            "label": "Button Text",
            "name": "button_text",
            "type": "text",
            "instructions": "",
            "required": 0,
            "conditional_logic": [
                [
                    {
                        "field": "field_5ab2bde2c13ca",
                        "operator": "!=",
                        "value": "none"
                    }
                ]
            ],
            "wrapper": {
                "width": "30",
                "class": "",
                "id": ""
            },
            "default_value": "",
            "placeholder": "",
            "prepend": "",
            "append": "",
            "maxlength": ""
        },
        {
            "key": "field_5ab3fff624af2",
            "label": "Existing Link",
            "name": "existing_link",
            "type": "post_object",
            "instructions": "",
            "required": 0,
            "conditional_logic": [
                [
                    {
                        "field": "field_5ab2bde2c13ca",
                        "operator": "==",
                        "value": "existing"
                    },
                    {
                        "field": "field_5ab2bde2c13ca",
                        "operator": "!=",
                        "value": "manual"
                    },
                    {
                        "field": "field_5ab2bde2c13ca",
                        "operator": "!=",
                        "value": "file"
                    },
                    {
                        "field": "field_5ab2bde2c13ca",
                        "operator": "!=",
                        "value": "none"
                    }
                ]
            ],
            "wrapper": {
                "width": "30",
                "class": "",
                "id": ""
            },
            "post_type": [
                "page",
                "post"
            ],
            "taxonomy": "",
            "allow_null": 0,
            "multiple": 0,
            "return_format": "object",
            "ui": 1
        },
        {
            "key": "field_5ab2bf0ec13cd",
            "label": "Manual URL",
            "name": "manual_url",
            "type": "url",
            "instructions": "",
            "required": 0,
            "conditional_logic": [
                [
                    {
                        "field": "field_5ab2bde2c13ca",
                        "operator": "==",
                        "value": "manual"
                    }
                ]
            ],
            "wrapper": {
                "width": "30",
                "class": "",
                "id": ""
            },
            "default_value": "",
            "placeholder": ""
        },
        {
            "key": "field_5ab2bf1cc13ce",
            "label": "File",
            "name": "file",
            "type": "file",
            "instructions": "",
            "required": 0,
            "conditional_logic": [
                [
                    {
                        "field": "field_5ab2bde2c13ca",
                        "operator": "==",
                        "value": "file"
                    }
                ]
            ],
            "wrapper": {
                "width": "30",
                "class": "",
                "id": ""
            },
            "return_format": "array",
            "library": "all",
            "min_size": "",
            "max_size": "",
            "mime_types": ""
        },
        {
            "key": "field_5ab3ff1bfbd24",
            "label": "Target",
            "name": "target",
            "type": "radio",
            "instructions": "",
            "required": 1,
            "conditional_logic": [
                [
                    {
                        "field": "field_5ab2bde2c13ca",
                        "operator": "!=",
                        "value": "none"
                    }
                ]
            ],
            "wrapper": {
                "width": "15",
                "class": "",
                "id": ""
            },
            "choices": {
                "_self": "Self",
                "_blank": "New Window"
            },
            "allow_null": 0,
            "other_choice": 0,
            "save_other_choice": 0,
            "default_value": "self",
            "layout": "vertical",
            "return_format": "value"
        }
    ],
    "location": [
        [
            {
                "param": "post_type",
                "operator": "==",
                "value": "post"
            },
            {
                "param": "post_type",
                "operator": "!=",
                "value": "post"
            }
        ]
    ],
    "menu_order": 5,
    "position": "normal",
    "style": "default",
    "label_placement": "top",
    "instruction_placement": "label",
    "hide_on_screen": "",
    "active": 1,
    "description": "",
    "modified": 1580943138
}